IndicatorCode,Indicator,ValueType,ParentLocationCode,ParentLocation,Location type,SpatialDimValueCode,Location,Period type,Period,IsLatestYear,Dim1 type,Dim1,Dim1ValueCode,Dim2 type,Dim2,Dim2ValueCode,Dim3 type,Dim3,Dim3ValueCode,DataSourceDimValueCode,DataSource,FactValueNumericPrefix,FactValueNumeric,FactValueUoM,FactValueNumericLowPrefix,FactValueNumericLow,FactValueNumericHighPrefix,FactValueNumericHigh,Value,FactValueTranslationID,FactComments,Language,DateModified
GHED_CHEGDP_SHA2011,Current health expenditure (CHE) as percentage of gross domestic product (GDP) (%),numeric,AMR,Americas,Country,ARG,Argentina,Year,2019,false,,,,,,,,,,,,,10.12,,,,,,10.12,,,EN,2025-12-05T00:00:00.000Z
GHED_CHEGDP_SHA2011,Current health expenditure (CHE) as percentage of gross domestic product (GDP) (%),numeric,WPR,Western Pacific,Country,KIR,Kiribati,Year,2019,false,,,,,,,,,,,,,10.17,,,,,,10.17,,,EN,2025-12-05T00:00:00.000Z
GHED_CHEGDP_SHA2011,Current health expenditure (CHE) as percentage of gross domestic product (GDP) (%),numeric,EUR,Europe,Country,DNK,Denmark,Year,2019,false,,,,,,,,,,,,,10.18,,,,,,10.18,,,EN,2025-12-05T00:00:00.000Z
GHED_CHEGDP_SHA2011,Current health expenditure (CHE) as percentage of gross domestic product (GDP) (%),numeric,WPR,Western Pacific,Country,AUS,Australia,Year,2019,false,,,,,,,,,,,,,10.25,,,,,,10.25,,,EN,2025-12-05T00:00:00.000Z
GHED_CHEGDP_SHA2011,Current health expenditure (CHE) as percentage of gross domestic product (GDP) (%),numeric,EUR,Europe,Country,NOR,Norway,Year,2019,false,,,,,,,,,,,,,10.44,,,,,,10.44,,,EN,2025-12-05T00:00:00.000Z
GHED_CHEGDP_SHA2011,Current health expenditure (CHE) as percentage of gross domestic product (GDP) (%),numeric,EUR,Europe,Country,AUT,Austria,Year,2019,false,,,,,,,,,,,,,10.63,,,,,,10.63,,,EN,2025-12-05T00:00:00.000Z
GHED_CHEGDP_SHA2011,Current health expenditure (CHE) as percentage of gross domestic product (GDP) (%),numeric,EUR,Europe,Country,BEL,Belgium,Year,2019,false,,,,,,,,,,,,,10.86,,,,,,10.86,,,EN,2025-12-05T00:00:00.000Z
GHED_CHEGDP_SHA2011,Current health expenditure (CHE) as percentage of gross domestic product (GDP) (%),numeric,EUR,Europe,Country,SWE,Sweden,Year,2019,false,,,,,,,,,,,,,10.93,,,,,,10.93,,,EN,2025-12-05T00:00:00.000Z
GHED_CHEGDP_SHA2011,Current health expenditure (CHE) as percentage of gross domestic product (GDP) (%),numeric,WPR,Western Pacific,Country,JPN,Japan,Year,2019,false,,,,,,,,,,,,,10.97,,,,,,10.97,,,EN,2025-12-05T00:00:00.000Z
GHED_CHEGDP_SHA2011,Current health expenditure (CHE) as percentage of gross domestic product (GDP) (%),numeric,EMR,Eastern Mediterranean,Country,YEM,Yemen,Year,2019,false,,,,,,,,,,,,,10.97,,,,,,10.97,,,EN,2025-12-05T00:00:00.000Z
GHED_CHEGDP_SHA2011,Current health expenditure (CHE) as percentage of gross domestic product (GDP) (%),numeric,AMR,Americas,Country,CAN,Canada,Year,2019,false,,,,,,,,,,,,,11.05,,,,,,11.05,,,EN,2025-12-05T00:00:00.000Z
GHED_CHEGDP_SHA2011,Current health expenditure (CHE) as percentage of gross domestic product (GDP) (%),numeric,AMR,Americas,Country,CUB,Cuba,Year,2019,false,,,,,,,,,,,,,11.09,,,,,,11.09,,,EN,2025-12-05T00:00:00.000Z
GHED_CHEGDP_SHA2011,Current health expenditure (CHE) as percentage of gross domestic product (GDP) (%),numeric,EUR,Europe,Country,FRA,France,Year,2019,false,,,,,,,,,,,,,11.17,,,,,,11.17,,,EN,2025-12-05T00:00:00.000Z
GHED_CHEGDP_SHA2011,Current health expenditure (CHE) as percentage of gross domestic product (GDP) (%),numeric,EUR,Europe,Country,ARM,Armenia,Year,2019,false,,,,,,,,,,,,,11.38,,,,,,11.38,,,EN,2025-12-05T00:00:00.000Z
GHED_CHEGDP_SHA2011,Current health expenditure (CHE) as percentage of gross domestic product (GDP) (%),numeric,EUR,Europe,Country,DEU,Germany,Year,2019,false,,,,,,,,,,,,,11.43,,,,,,11.43,,,EN,2025-12-05T00:00:00.000Z
GHED_CHEGDP_SHA2011,Current health expenditure (CHE) as percentage of gross domestic product (GDP) (%),numeric,EUR,Europe,Country,CHE,Switzerland,Year,2019,false,,,,,,,,,,,,,11.43,,,,,,11.43,,,EN,2025-12-05T00:00:00.000Z
GHED_CHEGDP_SHA2011,Current health expenditure (CHE) as percentage of gross domestic product (GDP) (%),numeric,WPR,Western Pacific,Country,NRU,Nauru,Year,2019,false,,,,,,,,,,,,,11.56,,,,,,11.56,,,EN,2025-12-05T00:00:00.000Z
GHED_CHEGDP_SHA2011,Current health expenditure (CHE) as percentage of gross domestic product (GDP) (%),numeric,WPR,Western Pacific,Country,FSM,Micronesia (Federated States of),Year,2019,false,,,,,,,,,,,,,11.87,,,,,,11.87,,,EN,2025-12-05T00:00:00.000Z
GHED_CHEGDP_SHA2011,Current health expenditure (CHE) as percentage of gross domestic product (GDP) (%),numeric,WPR,Western Pacific,Country,PLW,Palau,Year,2019,false,,,,,,,,,,,,,12.17,,,,,,12.17,,,EN,2025-12-05T00:00:00.000Z
GHED_CHEGDP_SHA2011,Current health expenditure (CHE) as percentage of gross domestic product (GDP) (%),numeric,EMR,Eastern Mediterranean,Country,AFG,Afghanistan,Year,2019,false,,,,,,,,,,,,,14.83,,,,,,14.83,,,EN,2025-12-05T00:00:00.000Z
GHED_CHEGDP_SHA2011,Current health expenditure (CHE) as percentage of gross domestic product (GDP) (%),numeric,WPR,Western Pacific,Country,MHL,Marshall Islands,Year,2019,false,,,,,,,,,,,,,14.99,,,,,,14.99,,,EN,2025-12-05T00:00:00.000Z
GHED_CHEGDP_SHA2011,Current health expenditure (CHE) as percentage of gross domestic product (GDP) (%),numeric,AMR,Americas,Country,USA,United States of America,Year,2019,false,,,,,,,,,,,,,16.54,,,,,,16.54,,,EN,2025-12-05T00:00:00.000Z
GHED_CHEGDP_SHA2011,Current health expenditure (CHE) as percentage of gross domestic product (GDP) (%),numeric,SEAR,South-East Asia,Country,BGD,Bangladesh,Year,2019,false,,,,,,,,,,,,,2.13,,,,,,2.13,,,EN,2025-12-05T00:00:00.000Z
GHED_CHEGDP_SHA2011,Current health expenditure (CHE) as percentage of gross domestic product (GDP) (%),numeric,AMR,Americas,Country,VEN,Venezuela (Bolivarian Republic of),Year,2019,false,,,,,,,,,,,,,2.19,,,,,,2.19,,,EN,2025-12-05T00:00:00.000Z
GHED_CHEGDP_SHA2011,Current health expenditure (CHE) as percentage of gross domestic product (GDP) (%),numeric,AFR,Africa,Country,AGO,Angola,Year,2019,false,,,,,,,,,,,,,2.2,,,,,,2.20,,,EN,2025-12-05T00:00:00.000Z
GHED_CHEGDP_SHA2011,Current health expenditure (CHE) as percentage of gross domestic product (GDP) (%),numeric,WPR,Western Pacific,Country,BRN,Brunei Darussalam,Year,2019,false,,,,,,,,,,,,,2.23,,,,,,2.23,,,EN,2025-12-05T00:00:00.000Z
GHED_CHEGDP_SHA2011,Current health expenditure (CHE) as percentage of gross domestic product (GDP) (%),numeric,WPR,Western Pacific,Country,PNG,Papua New Guinea,Year,2019,false,,,,,,,,,,,,,2.33,,,,,,2.33,,,EN,2025-12-05T00:00:00.000Z
GHED_CHEGDP_SHA2011,Current health expenditure (CHE) as percentage of gross domestic product (GDP) (%),numeric,AFR,Africa,Country,COG,Congo,Year,2019,false,,,,,,,,,,,,,2.35,,,,,,2.35,,,EN,2025-12-05T00:00:00.000Z
GHED_CHEGDP_SHA2011,Current health expenditure (CHE) as percentage of gross domestic product (GDP) (%),numeric,EMR,Eastern Mediterranean,Country,DJI,Djibouti,Year,2019,false,,,,,,,,,,,,,2.41,,,,,,2.41,,,EN,2025-12-05T00:00:00.000Z
GHED_CHEGDP_SHA2011,Current health expenditure (CHE) as percentage of gross domestic product (GDP) (%),numeric,EMR,Eastern Mediterranean,Country,SOM,Somalia,Year,2019,false,,,,,,,,,,,,,2.41,,,,,,2.41,,,EN,2025-12-05T00:00:00.000Z
GHED_CHEGDP_SHA2011,Current health expenditure (CHE) as percentage of gross domestic product (GDP) (%),numeric,WPR,Western Pacific,Country,LAO,Lao People's Democratic Republic,Year,2019,false,,,,,,,,,,,,,2.6,,,,,,2.60,,,EN,2025-12-05T00:00:00.000Z
GHED_CHEGDP_SHA2011,Current health expenditure (CHE) as percentage of gross domestic product (GDP) (%),numeric,AFR,Africa,Country,GAB,Gabon,Year,2019,false,,,,,,,,,,,,,2.77,,,,,,2.77,,,EN,2025-12-05T00:00:00.000Z
GHED_CHEGDP_SHA2011,Current health expenditure (CHE) as percentage of gross domestic product (GDP) (%),numeric,EMR,Eastern Mediterranean,Country,PAK,Pakistan,Year,2019,false,,,,,,,,,,,,,2.85,,,,,,2.85,,,EN,2025-12-05T00:00:00.000Z
GHED_CHEGDP_SHA2011,Current health expenditure (CHE) as percentage of gross domestic product (GDP) (%),numeric,EUR,Europe,Country,KAZ,Kazakhstan,Year,2019,false,,,,,,,,,,,,,2.87,,,,,,2.87,,,EN,2025-12-05T00:00:00.000Z
GHED_CHEGDP_SHA2011,Current health expenditure (CHE) as percentage of gross domestic product (GDP) (%),numeric,WPR,Western Pacific,Country,IDN,Indonesia,Year,2019,false,,,,,,,,,,,,,2.88,,,,,,2.88,,,EN,2025-12-05T00:00:00.000Z
GHED_CHEGDP_SHA2011,Current health expenditure (CHE) as percentage of gross domestic product (GDP) (%),numeric,SEAR,South-East Asia,Country,IND,India,Year,2019,false,,,,,,,,,,,,,2.95,,,,,,2.95,,,EN,2025-12-05T00:00:00.000Z
GHED_CHEGDP_SHA2011,Current health expenditure (CHE) as percentage of gross domestic product (GDP) (%),numeric,AFR,Africa,Country,NGA,Nigeria,Year,2019,false,,,,,,,,,,,,,2.99,,,,,,2.99,,,EN,2025-12-05T00:00:00.000Z
GHED_CHEGDP_SHA2011,Current health expenditure (CHE) as percentage of gross domestic product (GDP) (%),numeric,AFR,Africa,Country,LSO,Lesotho,Year,2019,false,,,,,,,,,,,,,21.92,,,,,,21.92,,,EN,2025-12-05T00:00:00.000Z
GHED_CHEGDP_SHA2011,Current health expenditure (CHE) as percentage of gross domestic product (GDP) (%),numeric,WPR,Western Pacific,Country,TUV,Tuvalu,Year,2019,false,,,,,,,,,,,,,22.22,,,,,,22.22,,,EN,2025-12-05T00:00:00.000Z
GHED_CHEGDP_SHA2011,Current health expenditure (CHE) as percentage of gross domestic product (GDP) (%),numeric,AFR,Africa,Country,BEN,Benin,Year,2019,false,,,,,,,,,,,,,3,,,,,,3.00,,,EN,2025-12-05T00:00:00.000Z
GHED_CHEGDP_SHA2011,Current health expenditure (CHE) as percentage of gross domestic product (GDP) (%),numeric,AFR,Africa,Country,MRT,Mauritania,Year,2019,false,,,,,,,,,,,,,3.09,,,,,,3.09,,,EN,2025-12-05T00:00:00.000Z
GHED_CHEGDP_SHA2011,Current health expenditure (CHE) as percentage of gross domestic product (GDP) (%),numeric,WPR,Western Pacific,Country,COK,Cook Islands,Year,2019,false,,,,,,,,,,,,,3.1,,,,,,3.10,,,EN,2025-12-05T00:00:00.000Z
GHED_CHEGDP_SHA2011,Current health expenditure (CHE) as percentage of gross domestic product (GDP) (%),numeric,AFR,Africa,Country,MDG,Madagascar,Year,2019,false,,,,,,,,,,,,,3.1,,,,,,3.10,,,EN,2025-12-05T00:00:00.000Z
GHED_CHEGDP_SHA2011,Current health expenditure (CHE) as percentage of gross domestic product (GDP) (%),numeric,AFR,Africa,Country,GMB,Gambia,Year,2019,false,,,,,,,,,,,,,3.15,,,,,,3.15,,,EN,2025-12-05T00:00:00.000Z
GHED_CHEGDP_SHA2011,Current health expenditure (CHE) as percentage of gross domestic product (GDP) (%),numeric,EMR,Eastern Mediterranean,Country,QAT,Qatar,Year,2019,false,,,,,,,,,,,,,3.18,,,,,,3.18,,,EN,2025-12-05T00:00:00.000Z
GHED_CHEGDP_SHA2011,Current health expenditure (CHE) as percentage of gross domestic product (GDP) (%),numeric,AFR,Africa,Country,CIV,Cote d'Ivoire,Year,2019,false,,,,,,,,,,,,,3.19,,,,,,3.19,,,EN,2025-12-05T00:00:00.000Z
GHED_CHEGDP_SHA2011,Current health expenditure (CHE) as percentage of gross domestic product (GDP) (%),numeric,AFR,Africa,Country,ZWE,Zimbabwe,Year,2019,false,,,,,,,,,,,,,3.23,,,,,,3.23,,,EN,2025-12-05T00:00:00.000Z
GHED_CHEGDP_SHA2011,Current health expenditure (CHE) as percentage of gross domestic product (GDP) (%),numeric,AFR,Africa,Country,ETH,Ethiopia,Year,2019,false,,,,,,,,,,,,,3.24,,,,,,3.24,,,EN,2025-12-05T00:00:00.000Z
GHED_CHEGDP_SHA2011,Current health expenditure (CHE) as percentage of gross domestic product (GDP) (%),numeric,AFR,Africa,Country,GHA,Ghana,Year,2019,false,,,,,,,,,,,,,3.25,,,,,,3.25,,,EN,2025-12-05T00:00:00.000Z
GHED_CHEGDP_SHA2011,Current health expenditure (CHE) as percentage of gross domestic product (GDP) (%),numeric,AFR,Africa,Country,GNQ,Equatorial Guinea,Year,2019,false,,,,,,,,,,,,,3.28,,,,,,3.28,,,EN,2025-12-05T00:00:00.000Z
GHED_CHEGDP_SHA2011,Current health expenditure (CHE) as percentage of gross domestic product (GDP) (%),numeric,SEAR,South-East Asia,Country,BTN,Bhutan,Year,2019,false,,,,,,,,,,,,,3.38,,,,,,3.38,,,EN,2025-12-05T00:00:00.000Z
GHED_CHEGDP_SHA2011,Current health expenditure (CHE) as percentage of gross domestic product (GDP) (%),numeric,AFR,Africa,Country,TCD,Chad,Year,2019,false,,,,,,,,,,,,,3.38,,,,,,3.38,,,EN,2025-12-05T00:00:00.000Z
GHED_CHEGDP_SHA2011,Current health expenditure (CHE) as percentage of gross domestic product (GDP) (%),numeric,WPR,Western Pacific,Country,VUT,Vanuatu,Year,2019,false,,,,,,,,,,,,,3.5,,,,,,3.50,,,EN,2025-12-05T00:00:00.000Z
GHED_CHEGDP_SHA2011,Current health expenditure (CHE) as percentage of gross domestic product (GDP) (%),numeric,AFR,Africa,Country,COD,Democratic Republic of the Congo,Year,2019,false,,,,,,,,,,,,,3.51,,,,,,3.51,,,EN,2025-12-05T00:00:00.000Z
GHED_CHEGDP_SHA2011,Current health expenditure (CHE) as percentage of gross domestic product (GDP) (%),numeric,AFR,Africa,Country,CMR,Cameroon,Year,2019,false,,,,,,,,,,,,,3.65,,,,,,3.65,,,EN,2025-12-05T00:00:00.000Z
GHED_CHEGDP_SHA2011,Current health expenditure (CHE) as percentage of gross domestic product (GDP) (%),numeric,SEAR,South-East Asia,Country,LKA,Sri Lanka,Year,2019,false,,,,,,,,,,,,,3.7,,,,,,3.70,,,EN,2025-12-05T00:00:00.000Z
GHED_CHEGDP_SHA2011,Current health expenditure (CHE) as percentage of gross domestic product (GDP) (%),numeric,EMR,Eastern Mediterranean,Country,BHR,Bahrain,Year,2019,false,,,,,,,,,,,,,3.78,,,,,,3.78,,,EN,2025-12-05T00:00:00.000Z
GHED_CHEGDP_SHA2011,Current health expenditure (CHE) as percentage of gross domestic product (GDP) (%),numeric,SEAR,South-East Asia,Country,THA,Thailand,Year,2019,false,,,,,,,,,,,,,3.79,,,,,,3.79,,,EN,2025-12-05T00:00:00.000Z
GHED_CHEGDP_SHA2011,Current health expenditure (CHE) as percentage of gross domestic product (GDP) (%),numeric,AFR,Africa,Country,UGA,Uganda,Year,2019,false,,,,,,,,,,,,,3.79,,,,,,3.79,,,EN,2025-12-05T00:00:00.000Z
GHED_CHEGDP_SHA2011,Current health expenditure (CHE) as percentage of gross domestic product (GDP) (%),numeric,SEAR,South-East Asia,Country,MMR,Myanmar,Year,2019,false,,,,,,,,,,,,,3.81,,,,,,3.81,,,EN,2025-12-05T00:00:00.000Z
GHED_CHEGDP_SHA2011,Current health expenditure (CHE) as percentage of gross domestic product (GDP) (%),numeric,EMR,Eastern Mediterranean,Country,OMN,Oman,Year,2019,false,,,,,,,,,,,,,3.81,,,,,,3.81,,,EN,2025-12-05T00:00:00.000Z
GHED_CHEGDP_SHA2011,Current health expenditure (CHE) as percentage of gross domestic product (GDP) (%),numeric,AFR,Africa,Country,MLI,Mali,Year,2019,false,,,,,,,,,,,,,3.83,,,,,,3.83,,,EN,2025-12-05T00:00:00.000Z
GHED_CHEGDP_SHA2011,Current health expenditure (CHE) as percentage of gross domestic product (GDP) (%),numeric,WPR,Western Pacific,Country,MYS,Malaysia,Year,2019,false,,,,,,,,,,,,,3.84,,,,,,3.84,,,EN,2025-12-05T00:00:00.000Z
GHED_CHEGDP_SHA2011,Current health expenditure (CHE) as percentage of gross domestic product (GDP) (%),numeric,EUR,Europe,Country,MCO,Monaco,Year,2019,false,,,,,,,,,,,,,3.88,,,,,,3.88,,,EN,2025-12-05T00:00:00.000Z
GHED_CHEGDP_SHA2011,Current health expenditure (CHE) as percentage of gross domestic product (GDP) (%),numeric,AMR,Americas,Country,HTI,Haiti,Year,2019,false,,,,,,,,,,,,,3.91,,,,,,3.91,,,EN,2025-12-05T00:00:00.000Z
GHED_CHEGDP_SHA2011,Current health expenditure (CHE) as percentage of gross domestic product (GDP) (%),numeric,EMR,Eastern Mediterranean,Country,SYR,Syrian Arab Republic,Year,2019,false,,,,,,,,,,,,,3.97,,,,,,3.97,,,EN,2025-12-05T00:00:00.000Z
GHED_CHEGDP_SHA2011,Current health expenditure (CHE) as percentage of gross domestic product (GDP) (%),numeric,AFR,Africa,Country,TZA,United Republic of Tanzania,Year,2019,false,,,,,,,,,,,,,4.02,,,,,,4.02,,,EN,2025-12-05T00:00:00.000Z
GHED_CHEGDP_SHA2011,Current health expenditure (CHE) as percentage of gross domestic product (GDP) (%),numeric,AFR,Africa,Country,GIN,Guinea,Year,2019,false,,,,,,,,,,,,,4.09,,,,,,4.09,,,EN,2025-12-05T00:00:00.000Z
GHED_CHEGDP_SHA2011,Current health expenditure (CHE) as percentage of gross domestic product (GDP) (%),numeric,WPR,Western Pacific,Country,PHL,Philippines,Year,2019,false,,,,,,,,,,,,,4.17,,,,,,4.17,,,EN,2025-12-05T00:00:00.000Z
GHED_CHEGDP_SHA2011,Current health expenditure (CHE) as percentage of gross domestic product (GDP) (%),numeric,EUR,Europe,Country,AZE,Azerbaijan,Year,2019,false,,,,,,,,,,,,,4.18,,,,,,4.18,,,EN,2025-12-05T00:00:00.000Z
GHED_CHEGDP_SHA2011,Current health expenditure (CHE) as percentage of gross domestic product (GDP) (%),numeric,EMR,Eastern Mediterranean,Country,IRQ,Iraq,Year,2019,false,,,,,,,,,,,,,4.21,,,,,,4.21,,,EN,2025-12-05T00:00:00.000Z
GHED_CHEGDP_SHA2011,Current health expenditure (CHE) as percentage of gross domestic product (GDP) (%),numeric,EUR,Europe,Country,KGZ,Kyrgyzstan,Year,2019,false,,,,,,,,,,,,,4.25,,,,,,4.25,,,EN,2025-12-05T00:00:00.000Z
GHED_CHEGDP_SHA2011,Current health expenditure (CHE) as percentage of gross domestic product (GDP) (%),numeric,AFR,Africa,Country,SYC,Seychelles,Year,2019,false,,,,,,,,,,,,,4.25,,,,,,4.25,,,EN,2025-12-05T00:00:00.000Z
GHED_CHEGDP_SHA2011,Current health expenditure (CHE) as percentage of gross domestic product (GDP) (%),numeric,AMR,Americas,Country,VCT,Saint Vincent and the Grenadines,Year,2019,false,,,,,,,,,,,,,4.26,,,,,,4.26,,,EN,2025-12-05T00:00:00.000Z
GHED_CHEGDP_SHA2011,Current health expenditure (CHE) as percentage of gross domestic product (GDP) (%),numeric,AMR,Americas,Country,ATG,Antigua and Barbuda,Year,2019,false,,,,,,,,,,,,,4.28,,,,,,4.28,,,EN,2025-12-05T00:00:00.000Z
GHED_CHEGDP_SHA2011,Current health expenditure (CHE) as percentage of gross domestic product (GDP) (%),numeric,WPR,Western Pacific,Country,FJI,Fiji,Year,2019,false,,,,,,,,,,,,,4.28,,,,,,4.28,,,EN,2025-12-05T00:00:00.000Z
GHED_CHEGDP_SHA2011,Current health expenditure (CHE) as percentage of gross domestic product (GDP) (%),numeric,AMR,Americas,Country,LCA,Saint Lucia,Year,2019,false,,,,,,,,,,,,,4.29,,,,,,4.29,,,EN,2025-12-05T00:00:00.000Z
GHED_CHEGDP_SHA2011,Current health expenditure (CHE) as percentage of gross domestic product (GDP) (%),numeric,EUR,Europe,Country,TUR,TÃ¼rkiye,Year,2019,false,,,,,,,,,,,,,4.36,,,,,,4.36,,,EN,2025-12-05T00:00:00.000Z
GHED_CHEGDP_SHA2011,Current health expenditure (CHE) as percentage of gross domestic product (GDP) (%),numeric,AMR,Americas,Country,DOM,Dominican Republic,Year,2019,false,,,,,,,,,,,,,4.37,,,,,,4.37,,,EN,2025-12-05T00:00:00.000Z
GHED_CHEGDP_SHA2011,Current health expenditure (CHE) as percentage of gross domestic product (GDP) (%),numeric,AFR,Africa,Country,KEN,Kenya,Year,2019,false,,,,,,,,,,,,,4.37,,,,,,4.37,,,EN,2025-12-05T00:00:00.000Z
GHED_CHEGDP_SHA2011,Current health expenditure (CHE) as percentage of gross domestic product (GDP) (%),numeric,EMR,Eastern Mediterranean,Country,ARE,United Arab Emirates,Year,2019,false,,,,,,,,,,,,,4.4,,,,,,4.40,,,EN,2025-12-05T00:00:00.000Z
GHED_CHEGDP_SHA2011,Current health expenditure (CHE) as percentage of gross domestic product (GDP) (%),numeric,WPR,Western Pacific,Country,SGP,Singapore,Year,2019,false,,,,,,,,,,,,,4.41,,,,,,4.41,,,EN,2025-12-05T00:00:00.000Z
GHED_CHEGDP_SHA2011,Current health expenditure (CHE) as percentage of gross domestic product (GDP) (%),numeric,WPR,Western Pacific,Country,SLB,Solomon Islands,Year,2019,false,,,,,,,,,,,,,4.44,,,,,,4.44,,,EN,2025-12-05T00:00:00.000Z
GHED_CHEGDP_SHA2011,Current health expenditure (CHE) as percentage of gross domestic product (GDP) (%),numeric,SEAR,South-East Asia,Country,NPL,Nepal,Year,2019,false,,,,,,,,,,,,,4.45,,,,,,4.45,,,EN,2025-12-05T00:00:00.000Z
GHED_CHEGDP_SHA2011,Current health expenditure (CHE) as percentage of gross domestic product (GDP) (%),numeric,WPR,Western Pacific,Country,MNG,Mongolia,Year,2019,false,,,,,,,,,,,,,4.49,,,,,,4.49,,,EN,2025-12-05T00:00:00.000Z
GHED_CHEGDP_SHA2011,Current health expenditure (CHE) as percentage of gross domestic product (GDP) (%),numeric,AFR,Africa,Country,SEN,Senegal,Year,2019,false,,,,,,,,,,,,,4.5,,,,,,4.50,,,EN,2025-12-05T00:00:00.000Z
GHED_CHEGDP_SHA2011,Current health expenditure (CHE) as percentage of gross domestic product (GDP) (%),numeric,EMR,Eastern Mediterranean,Country,EGY,Egypt,Year,2019,false,,,,,,,,,,,,,4.6,,,,,,4.60,,,EN,2025-12-05T00:00:00.000Z
GHED_CHEGDP_SHA2011,Current health expenditure (CHE) as percentage of gross domestic product (GDP) (%),numeric,EMR,Eastern Mediterranean,Country,SDN,Sudan,Year,2019,false,,,,,,,,,,,,,4.6,,,,,,4.60,,,EN,2025-12-05T00:00:00.000Z
GHED_CHEGDP_SHA2011,Current health expenditure (CHE) as percentage of gross domestic product (GDP) (%),numeric,AFR,Africa,Country,ERI,Eritrea,Year,2019,false,,,,,,,,,,,,,4.65,,,,,,4.65,,,EN,2025-12-05T00:00:00.000Z
GHED_CHEGDP_SHA2011,Current health expenditure (CHE) as percentage of gross domestic product (GDP) (%),numeric,AMR,Americas,Country,BLZ,Belize,Year,2019,false,,,,,,,,,,,,,4.82,,,,,,4.82,,,EN,2025-12-05T00:00:00.000Z
GHED_CHEGDP_SHA2011,Current health expenditure (CHE) as percentage of gross domestic product (GDP) (%),numeric,AFR,Africa,Country,CPV,Cabo Verde,Year,2019,false,,,,,,,,,,,,,4.82,,,,,,4.82,,,EN,2025-12-05T00:00:00.000Z
GHED_CHEGDP_SHA2011,Current health expenditure (CHE) as percentage of gross domestic product (GDP) (%),numeric,EUR,Europe,Country,UZB,Uzbekistan,Year,2019,false,,,,,,,,,,,,,4.84,,,,,,4.84,,,EN,2025-12-05T00:00:00.000Z
GHED_CHEGDP_SHA2011,Current health expenditure (CHE) as percentage of gross domestic product (GDP) (%),numeric,AMR,Americas,Country,GUY,Guyana,Year,2019,false,,,,,,,,,,,,,4.9,,,,,,4.90,,,EN,2025-12-05T00:00:00.000Z
GHED_CHEGDP_SHA2011,Current health expenditure (CHE) as percentage of gross domestic product (GDP) (%),numeric,AFR,Africa,Country,RWA,Rwanda,Year,2019,false,,,,,,,,,,,,,4.91,,,,,,4.91,,,EN,2025-12-05T00:00:00.000Z
GHED_CHEGDP_SHA2011,Current health expenditure (CHE) as percentage of gross domestic product (GDP) (%),numeric,AMR,Americas,Country,GRD,Grenada,Year,2019,false,,,,,,,,,,,,,4.93,,,,,,4.93,,,EN,2025-12-05T00:00:00.000Z
GHED_CHEGDP_SHA2011,Current health expenditure (CHE) as percentage of gross domestic product (GDP) (%),numeric,WPR,Western Pacific,Country,VNM,Viet Nam,Year,2019,false,,,,,,,,,,,,,4.97,,,,,,4.97,,,EN,2025-12-05T00:00:00.000Z
GHED_CHEGDP_SHA2011,Current health expenditure (CHE) as percentage of gross domestic product (GDP) (%),numeric,SEAR,South-East Asia,Country,TLS,Timor-Leste,Year,2019,false,,,,,,,,,,,,,4.99,,,,,,4.99,,,EN,2025-12-05T00:00:00.000Z
GHED_CHEGDP_SHA2011,Current health expenditure (CHE) as percentage of gross domestic product (GDP) (%),numeric,EMR,Eastern Mediterranean,Country,MAR,Morocco,Year,2019,false,,,,,,,,,,,,,5.02,,,,,,5.02,,,EN,2025-12-05T00:00:00.000Z
GHED_CHEGDP_SHA2011,Current health expenditure (CHE) as percentage of gross domestic product (GDP) (%),numeric,WPR,Western Pacific,Country,KHM,Cambodia,Year,2019,false,,,,,,,,,,,,,5.06,,,,,,5.06,,,EN,2025-12-05T00:00:00.000Z
GHED_CHEGDP_SHA2011,Current health expenditure (CHE) as percentage of gross domestic product (GDP) (%),numeric,AMR,Americas,Country,PER,Peru,Year,2019,false,,,,,,,,,,,,,5.13,,,,,,5.13,,,EN,2025-12-05T00:00:00.000Z
GHED_CHEGDP_SHA2011,Current health expenditure (CHE) as percentage of gross domestic product (GDP) (%),numeric,AMR,Americas,Country,DMA,Dominica,Year,2019,false,,,,,,,,,,,,,5.17,,,,,,5.17,,,EN,2025-12-05T00:00:00.000Z
GHED_CHEGDP_SHA2011,Current health expenditure (CHE) as percentage of gross domestic product (GDP) (%),numeric,AFR,Africa,Country,COM,Comoros,Year,2019,false,,,,,,,,,,,,,5.18,,,,,,5.18,,,EN,2025-12-05T00:00:00.000Z
GHED_CHEGDP_SHA2011,Current health expenditure (CHE) as percentage of gross domestic product (GDP) (%),numeric,EMR,Eastern Mediterranean,Country,KWT,Kuwait,Year,2019,false,,,,,,,,,,,,,5.18,,,,,,5.18,,,EN,2025-12-05T00:00:00.000Z
GHED_CHEGDP_SHA2011,Current health expenditure (CHE) as percentage of gross domestic product (GDP) (%),numeric,AMR,Americas,Country,KNA,Saint Kitts and Nevis,Year,2019,false,,,,,,,,,,,,,5.19,,,,,,5.19,,,EN,2025-12-05T00:00:00.000Z
GHED_CHEGDP_SHA2011,Current health expenditure (CHE) as percentage of gross domestic product (GDP) (%),numeric,WPR,Western Pacific,Country,CHN,China,Year,2019,false,,,,,,,,,,,,,5.27,,,,,,5.27,,,EN,2025-12-05T00:00:00.000Z
GHED_CHEGDP_SHA2011,Current health expenditure (CHE) as percentage of gross domestic product (GDP) (%),numeric,AMR,Americas,Country,MEX,Mexico,Year,2019,false,,,,,,,,,,,,,5.3,,,,,,5.30,,,EN,2025-12-05T00:00:00.000Z
GHED_CHEGDP_SHA2011,Current health expenditure (CHE) as percentage of gross domestic product (GDP) (%),numeric,AFR,Africa,Country,BFA,Burkina Faso,Year,2019,false,,,,,,,,,,,,,5.35,,,,,,5.35,,,EN,2025-12-05T00:00:00.000Z
GHED_CHEGDP_SHA2011,Current health expenditure (CHE) as percentage of gross domestic product (GDP) (%),numeric,AFR,Africa,Country,DZA,Algeria,Year,2019,false,,,,,,,,,,,,,5.42,,,,,,5.42,,,EN,2025-12-05T00:00:00.000Z
GHED_CHEGDP_SHA2011,Current health expenditure (CHE) as percentage of gross domestic product (GDP) (%),numeric,EUR,Europe,Country,LUX,Luxembourg,Year,2019,false,,,,,,,,,,,,,5.47,,,,,,5.47,,,EN,2025-12-05T00:00:00.000Z
GHED_CHEGDP_SHA2011,Current health expenditure (CHE) as percentage of gross domestic product (GDP) (%),numeric,EMR,Eastern Mediterranean,Country,SAU,Saudi Arabia,Year,2019,false,,,,,,,,,,,,,5.47,,,,,,5.47,,,EN,2025-12-05T00:00:00.000Z
GHED_CHEGDP_SHA2011,Current health expenditure (CHE) as percentage of gross domestic product (GDP) (%),numeric,AFR,Africa,Country,STP,Sao Tome and Principe,Year,2019,false,,,,,,,,,,,,,5.48,,,,,,5.48,,,EN,2025-12-05T00:00:00.000Z
GHED_CHEGDP_SHA2011,Current health expenditure (CHE) as percentage of gross domestic product (GDP) (%),numeric,EMR,Eastern Mediterranean,Country,LBY,Libya,Year,2019,false,,,,,,,,,,,,,5.55,,,,,,5.55,,,EN,2025-12-05T00:00:00.000Z
GHED_CHEGDP_SHA2011,Current health expenditure (CHE) as percentage of gross domestic product (GDP) (%),numeric,EUR,Europe,Country,TKM,Turkmenistan,Year,2019,false,,,,,,,,,,,,,5.55,,,,,,5.55,,,EN,2025-12-05T00:00:00.000Z
GHED_CHEGDP_SHA2011,Current health expenditure (CHE) as percentage of gross domestic product (GDP) (%),numeric,EUR,Europe,Country,RUS,Russian Federation,Year,2019,false,,,,,,,,,,,,,5.65,,,,,,5.65,,,EN,2025-12-05T00:00:00.000Z
GHED_CHEGDP_SHA2011,Current health expenditure (CHE) as percentage of gross domestic product (GDP) (%),numeric,WPR,Western Pacific,Country,WSM,Samoa,Year,2019,false,,,,,,,,,,,,,5.65,,,,,,5.65,,,EN,2025-12-05T00:00:00.000Z
GHED_CHEGDP_SHA2011,Current health expenditure (CHE) as percentage of gross domestic product (GDP) (%),numeric,AMR,Americas,Country,BRB,Barbados,Year,2019,false,,,,,,,,,,,,,5.67,,,,,,5.67,,,EN,2025-12-05T00:00:00.000Z
GHED_CHEGDP_SHA2011,Current health expenditure (CHE) as percentage of gross domestic product (GDP) (%),numeric,AFR,Africa,Country,NER,Niger,Year,2019,false,,,,,,,,,,,,,5.67,,,,,,5.67,,,EN,2025-12-05T00:00:00.000Z
GHED_CHEGDP_SHA2011,Current health expenditure (CHE) as percentage of gross domestic product (GDP) (%),numeric,AMR,Americas,Country,BHS,Bahamas,Year,2019,false,,,,,,,,,,,,,5.7,,,,,,5.70,,,EN,2025-12-05T00:00:00.000Z
GHED_CHEGDP_SHA2011,Current health expenditure (CHE) as percentage of gross domestic product (GDP) (%),numeric,AFR,Africa,Country,MUS,Mauritius,Year,2019,false,,,,,,,,,,,,,5.7,,,,,,5.70,,,EN,2025-12-05T00:00:00.000Z
GHED_CHEGDP_SHA2011,Current health expenditure (CHE) as percentage of gross domestic product (GDP) (%),numeric,EUR,Europe,Country,ROU,Romania,Year,2019,false,,,,,,,,,,,,,5.7,,,,,,5.70,,,EN,2025-12-05T00:00:00.000Z
GHED_CHEGDP_SHA2011,Current health expenditure (CHE) as percentage of gross domestic product (GDP) (%),numeric,AFR,Africa,Country,SLE,Sierra Leone,Year,2019,false,,,,,,,,,,,,,5.71,,,,,,5.71,,,EN,2025-12-05T00:00:00.000Z
GHED_CHEGDP_SHA2011,Current health expenditure (CHE) as percentage of gross domestic product (GDP) (%),numeric,WPR,Western Pacific,Country,TON,Tonga,Year,2019,false,,,,,,,,,,,,,5.75,,,,,,5.75,,,EN,2025-12-05T00:00:00.000Z
GHED_CHEGDP_SHA2011,Current health expenditure (CHE) as percentage of gross domestic product (GDP) (%),numeric,EUR,Europe,Country,LIE,Liechtenstein,Year,2019,false,,,,,,,,,,,,,5.78,,,,,,5.78,,,EN,2025-12-05T00:00:00.000Z
GHED_CHEGDP_SHA2011,Current health expenditure (CHE) as percentage of gross domestic product (GDP) (%),numeric,EUR,Europe,Country,BLR,Belarus,Year,2019,false,,,,,,,,,,,,,5.86,,,,,,5.86,,,EN,2025-12-05T00:00:00.000Z
GHED_CHEGDP_SHA2011,Current health expenditure (CHE) as percentage of gross domestic product (GDP) (%),numeric,AFR,Africa,Country,TGO,Togo,Year,2019,false,,,,,,,,,,,,,5.91,,,,,,5.91,,,EN,2025-12-05T00:00:00.000Z
GHED_CHEGDP_SHA2011,Current health expenditure (CHE) as percentage of gross domestic product (GDP) (%),numeric,EMR,Eastern Mediterranean,Country,TUN,Tunisia,Year,2019,false,,,,,,,,,,,,,6.02,,,,,,6.02,,,EN,2025-12-05T00:00:00.000Z
GHED_CHEGDP_SHA2011,Current health expenditure (CHE) as percentage of gross domestic product (GDP) (%),numeric,AFR,Africa,Country,BWA,Botswana,Year,2019,false,,,,,,,,,,,,,6.12,,,,,,6.12,,,EN,2025-12-05T00:00:00.000Z
GHED_CHEGDP_SHA2011,Current health expenditure (CHE) as percentage of gross domestic product (GDP) (%),numeric,AMR,Americas,Country,GTM,Guatemala,Year,2019,false,,,,,,,,,,,,,6.17,,,,,,6.17,,,EN,2025-12-05T00:00:00.000Z
GHED_CHEGDP_SHA2011,Current health expenditure (CHE) as percentage of gross domestic product (GDP) (%),numeric,EMR,Eastern Mediterranean,Country,IRN,Iran (Islamic Republic of),Year,2019,false,,,,,,,,,,,,,6.23,,,,,,6.23,,,EN,2025-12-05T00:00:00.000Z
GHED_CHEGDP_SHA2011,Current health expenditure (CHE) as percentage of gross domestic product (GDP) (%),numeric,EUR,Europe,Country,HUN,Hungary,Year,2019,false,,,,,,,,,,,,,6.25,,,,,,6.25,,,EN,2025-12-05T00:00:00.000Z
GHED_CHEGDP_SHA2011,Current health expenditure (CHE) as percentage of gross domestic product (GDP) (%),numeric,AFR,Africa,Country,MWI,Malawi,Year,2019,false,,,,,,,,,,,,,6.37,,,,,,6.37,,,EN,2025-12-05T00:00:00.000Z
GHED_CHEGDP_SHA2011,Current health expenditure (CHE) as percentage of gross domestic product (GDP) (%),numeric,EUR,Europe,Country,POL,Poland,Year,2019,false,,,,,,,,,,,,,6.39,,,,,,6.39,,,EN,2025-12-05T00:00:00.000Z
GHED_CHEGDP_SHA2011,Current health expenditure (CHE) as percentage of gross domestic product (GDP) (%),numeric,EUR,Europe,Country,MDA,Republic of Moldova,Year,2019,false,,,,,,,,,,,,,6.5,,,,,,6.50,,,EN,2025-12-05T00:00:00.000Z
GHED_CHEGDP_SHA2011,Current health expenditure (CHE) as percentage of gross domestic product (GDP) (%),numeric,EUR,Europe,Country,IRL,Ireland,Year,2019,false,,,,,,,,,,,,,6.62,,,,,,6.62,,,EN,2025-12-05T00:00:00.000Z
GHED_CHEGDP_SHA2011,Current health expenditure (CHE) as percentage of gross domestic product (GDP) (%),numeric,EUR,Europe,Country,EST,Estonia,Year,2019,false,,,,,,,,,,,,,6.65,,,,,,6.65,,,EN,2025-12-05T00:00:00.000Z
GHED_CHEGDP_SHA2011,Current health expenditure (CHE) as percentage of gross domestic product (GDP) (%),numeric,AFR,Africa,Country,ZMB,Zambia,Year,2019,false,,,,,,,,,,,,,6.75,,,,,,6.75,,,EN,2025-12-05T00:00:00.000Z
GHED_CHEGDP_SHA2011,Current health expenditure (CHE) as percentage of gross domestic product (GDP) (%),numeric,EUR,Europe,Country,ALB,Albania,Year,2019,false,,,,,,,,,,,,,6.78,,,,,,6.78,,,EN,2025-12-05T00:00:00.000Z
GHED_CHEGDP_SHA2011,Current health expenditure (CHE) as percentage of gross domestic product (GDP) (%),numeric,EUR,Europe,Country,HRV,Croatia,Year,2019,false,,,,,,,,,,,,,6.79,,,,,,6.79,,,EN,2025-12-05T00:00:00.000Z
GHED_CHEGDP_SHA2011,Current health expenditure (CHE) as percentage of gross domestic product (GDP) (%),numeric,EUR,Europe,Country,LVA,Latvia,Year,2019,false,,,,,,,,,,,,,6.86,,,,,,6.86,,,EN,2025-12-05T00:00:00.000Z
GHED_CHEGDP_SHA2011,Current health expenditure (CHE) as percentage of gross domestic product (GDP) (%),numeric,AMR,Americas,Country,BOL,Bolivia (Plurinational State of),Year,2019,false,,,,,,,,,,,,,6.89,,,,,,6.89,,,EN,2025-12-05T00:00:00.000Z
GHED_CHEGDP_SHA2011,Current health expenditure (CHE) as percentage of gross domestic product (GDP) (%),numeric,EUR,Europe,Country,SVK,Slovakia,Year,2019,false,,,,,,,,,,,,,6.91,,,,,,6.91,,,EN,2025-12-05T00:00:00.000Z
GHED_CHEGDP_SHA2011,Current health expenditure (CHE) as percentage of gross domestic product (GDP) (%),numeric,AMR,Americas,Country,TTO,Trinidad and Tobago,Year,2019,false,,,,,,,,,,,,,6.91,,,,,,6.91,,,EN,2025-12-05T00:00:00.000Z
GHED_CHEGDP_SHA2011,Current health expenditure (CHE) as percentage of gross domestic product (GDP) (%),numeric,EUR,Europe,Country,LTU,Lithuania,Year,2019,false,,,,,,,,,,,,,6.94,,,,,,6.94,,,EN,2025-12-05T00:00:00.000Z
GHED_CHEGDP_SHA2011,Current health expenditure (CHE) as percentage of gross domestic product (GDP) (%),numeric,EUR,Europe,Country,TJK,Tajikistan,Year,2019,false,,,,,,,,,,,,,6.95,,,,,,6.95,,,EN,2025-12-05T00:00:00.000Z
GHED_CHEGDP_SHA2011,Current health expenditure (CHE) as percentage of gross domestic product (GDP) (%),numeric,AMR,Americas,Country,JAM,Jamaica,Year,2019,false,,,,,,,,,,,,,6.97,,,,,,6.97,,,EN,2025-12-05T00:00:00.000Z
GHED_CHEGDP_SHA2011,Current health expenditure (CHE) as percentage of gross domestic product (GDP) (%),numeric,EUR,Europe,Country,CYP,Cyprus,Year,2019,false,,,,,,,,,,,,,7,,,,,,7.00,,,EN,2025-12-05T00:00:00.000Z
GHED_CHEGDP_SHA2011,Current health expenditure (CHE) as percentage of gross domestic product (GDP) (%),numeric,EMR,Eastern Mediterranean,Country,JOR,Jordan,Year,2019,false,,,,,,,,,,,,,7.07,,,,,,7.07,,,EN,2025-12-05T00:00:00.000Z
GHED_CHEGDP_SHA2011,Current health expenditure (CHE) as percentage of gross domestic product (GDP) (%),numeric,EUR,Europe,Country,MKD,North Macedonia,Year,2019,false,,,,,,,,,,,,,7.07,,,,,,7.07,,,EN,2025-12-05T00:00:00.000Z
GHED_CHEGDP_SHA2011,Current health expenditure (CHE) as percentage of gross domestic product (GDP) (%),numeric,EUR,Europe,Country,UKR,Ukraine,Year,2019,false,,,,,,,,,,,,,7.09,,,,,,7.09,,,EN,2025-12-05T00:00:00.000Z
GHED_CHEGDP_SHA2011,Current health expenditure (CHE) as percentage of gross domestic product (GDP) (%),numeric,EUR,Europe,Country,BGR,Bulgaria,Year,2019,false,,,,,,,,,,,,,7.12,,,,,,7.12,,,EN,2025-12-05T00:00:00.000Z
GHED_CHEGDP_SHA2011,Current health expenditure (CHE) as percentage of gross domestic product (GDP) (%),numeric,AFR,Africa,Country,GNB,Guinea-Bissau,Year,2019,false,,,,,,,,,,,,,7.15,,,,,,7.15,,,EN,2025-12-05T00:00:00.000Z
GHED_CHEGDP_SHA2011,Current health expenditure (CHE) as percentage of gross domestic product (GDP) (%),numeric,AMR,Americas,Country,PRY,Paraguay,Year,2019,false,,,,,,,,,,,,,7.16,,,,,,7.16,,,EN,2025-12-05T00:00:00.000Z
GHED_CHEGDP_SHA2011,Current health expenditure (CHE) as percentage of gross domestic product (GDP) (%),numeric,EUR,Europe,Country,ISR,Israel,Year,2019,false,,,,,,,,,,,,,7.21,,,,,,7.21,,,EN,2025-12-05T00:00:00.000Z
GHED_CHEGDP_SHA2011,Current health expenditure (CHE) as percentage of gross domestic product (GDP) (%),numeric,AMR,Americas,Country,CRI,Costa Rica,Year,2019,false,,,,,,,,,,,,,7.22,,,,,,7.22,,,EN,2025-12-05T00:00:00.000Z
GHED_CHEGDP_SHA2011,Current health expenditure (CHE) as percentage of gross domestic product (GDP) (%),numeric,WPR,Western Pacific,Country,NIU,Niue,Year,2019,false,,,,,,,,,,,,,7.24,,,,,,7.24,,,EN,2025-12-05T00:00:00.000Z
GHED_CHEGDP_SHA2011,Current health expenditure (CHE) as percentage of gross domestic product (GDP) (%),numeric,EUR,Europe,Country,GEO,Georgia,Year,2019,false,,,,,,,,,,,,,7.31,,,,,,7.31,,,EN,2025-12-05T00:00:00.000Z
GHED_CHEGDP_SHA2011,Current health expenditure (CHE) as percentage of gross domestic product (GDP) (%),numeric,EUR,Europe,Country,AND,Andorra,Year,2019,false,,,,,,,,,,,,,7.32,,,,,,7.32,,,EN,2025-12-05T00:00:00.000Z
GHED_CHEGDP_SHA2011,Current health expenditure (CHE) as percentage of gross domestic product (GDP) (%),numeric,AMR,Americas,Country,HND,Honduras,Year,2019,false,,,,,,,,,,,,,7.34,,,,,,7.34,,,EN,2025-12-05T00:00:00.000Z
GHED_CHEGDP_SHA2011,Current health expenditure (CHE) as percentage of gross domestic product (GDP) (%),numeric,EUR,Europe,Country,CZE,Czechia,Year,2019,false,,,,,,,,,,,,,7.49,,,,,,7.49,,,EN,2025-12-05T00:00:00.000Z
GHED_CHEGDP_SHA2011,Current health expenditure (CHE) as percentage of gross domestic product (GDP) (%),numeric,SEAR,South-East Asia,Country,MDV,Maldives,Year,2019,false,,,,,,,,,,,,,7.5,,,,,,7.50,,,EN,2025-12-05T00:00:00.000Z
GHED_CHEGDP_SHA2011,Current health expenditure (CHE) as percentage of gross domestic product (GDP) (%),numeric,WPR,Western Pacific,Country,KOR,Republic of Korea,Year,2019,false,,,,,,,,,,,,,7.69,,,,,,7.69,,,EN,2025-12-05T00:00:00.000Z
GHED_CHEGDP_SHA2011,Current health expenditure (CHE) as percentage of gross domestic product (GDP) (%),numeric,AFR,Africa,Country,CAF,Central African Republic,Year,2019,false,,,,,,,,,,,,,7.76,,,,,,7.76,,,EN,2025-12-05T00:00:00.000Z
GHED_CHEGDP_SHA2011,Current health expenditure (CHE) as percentage of gross domestic product (GDP) (%),numeric,AMR,Americas,Country,ECU,Ecuador,Year,2019,false,,,,,,,,,,,,,7.81,,,,,,7.81,,,EN,2025-12-05T00:00:00.000Z
GHED_CHEGDP_SHA2011,Current health expenditure (CHE) as percentage of gross domestic product (GDP) (%),numeric,AMR,Americas,Country,COL,Colombia,Year,2019,false,,,,,,,,,,,,,7.83,,,,,,7.83,,,EN,2025-12-05T00:00:00.000Z
GHED_CHEGDP_SHA2011,Current health expenditure (CHE) as percentage of gross domestic product (GDP) (%),numeric,AFR,Africa,Country,MOZ,Mozambique,Year,2019,false,,,,,,,,,,,,,7.9,,,,,,7.90,,,EN,2025-12-05T00:00:00.000Z
GHED_CHEGDP_SHA2011,Current health expenditure (CHE) as percentage of gross domestic product (GDP) (%),numeric,EUR,Europe,Country,GRC,Greece,Year,2019,false,,,,,,,,,,,,,8.12,,,,,,8.12,,,EN,2025-12-05T00:00:00.000Z
GHED_CHEGDP_SHA2011,Current health expenditure (CHE) as percentage of gross domestic product (GDP) (%),numeric,AMR,Americas,Country,PAN,Panama,Year,2019,false,,,,,,,,,,,,,8.14,,,,,,8.14,,,EN,2025-12-05T00:00:00.000Z
GHED_CHEGDP_SHA2011,Current health expenditure (CHE) as percentage of gross domestic product (GDP) (%),numeric,EUR,Europe,Country,SMR,San Marino,Year,2019,false,,,,,,,,,,,,,8.15,,,,,,8.15,,,EN,2025-12-05T00:00:00.000Z
GHED_CHEGDP_SHA2011,Current health expenditure (CHE) as percentage of gross domestic product (GDP) (%),numeric,AFR,Africa,Country,ZAF,South Africa,Year,2019,false,,,,,,,,,,,,,8.25,,,,,,8.25,,,EN,2025-12-05T00:00:00.000Z
GHED_CHEGDP_SHA2011,Current health expenditure (CHE) as percentage of gross domestic product (GDP) (%),numeric,EUR,Europe,Country,SRB,Serbia,Year,2019,false,,,,,,,,,,,,,8.29,,,,,,8.29,,,EN,2025-12-05T00:00:00.000Z
GHED_CHEGDP_SHA2011,Current health expenditure (CHE) as percentage of gross domestic product (GDP) (%),numeric,EUR,Europe,Country,MNE,Montenegro,Year,2019,false,,,,,,,,,,,,,8.33,,,,,,8.33,,,EN,2025-12-05T00:00:00.000Z
GHED_CHEGDP_SHA2011,Current health expenditure (CHE) as percentage of gross domestic product (GDP) (%),numeric,AFR,Africa,Country,LBR,Liberia,Year,2019,false,,,,,,,,,,,,,8.38,,,,,,8.38,,,EN,2025-12-05T00:00:00.000Z
GHED_CHEGDP_SHA2011,Current health expenditure (CHE) as percentage of gross domestic product (GDP) (%),numeric,AMR,Americas,Country,SUR,Suriname,Year,2019,false,,,,,,,,,,,,,8.38,,,,,,8.38,,,EN,2025-12-05T00:00:00.000Z
GHED_CHEGDP_SHA2011,Current health expenditure (CHE) as percentage of gross domestic product (GDP) (%),numeric,AFR,Africa,Country,SWZ,Eswatini,Year,2019,false,,,,,,,,,,,,,8.4,,,,,,8.40,,,EN,2025-12-05T00:00:00.000Z
GHED_CHEGDP_SHA2011,Current health expenditure (CHE) as percentage of gross domestic product (GDP) (%),numeric,AMR,Americas,Country,NIC,Nicaragua,Year,2019,false,,,,,,,,,,,,,8.5,,,,,,8.50,,,EN,2025-12-05T00:00:00.000Z
GHED_CHEGDP_SHA2011,Current health expenditure (CHE) as percentage of gross domestic product (GDP) (%),numeric,EUR,Europe,Country,SVN,Slovenia,Year,2019,false,,,,,,,,,,,,,8.57,,,,,,8.57,,,EN,2025-12-05T00:00:00.000Z
GHED_CHEGDP_SHA2011,Current health expenditure (CHE) as percentage of gross domestic product (GDP) (%),numeric,EUR,Europe,Country,ITA,Italy,Year,2019,false,,,,,,,,,,,,,8.62,,,,,,8.62,,,EN,2025-12-05T00:00:00.000Z
GHED_CHEGDP_SHA2011,Current health expenditure (CHE) as percentage of gross domestic product (GDP) (%),numeric,WPR,Western Pacific,Country,NZL,New Zealand,Year,2019,false,,,,,,,,,,,,,8.62,,,,,,8.62,,,EN,2025-12-05T00:00:00.000Z
GHED_CHEGDP_SHA2011,Current health expenditure (CHE) as percentage of gross domestic product (GDP) (%),numeric,EUR,Europe,Country,ISL,Iceland,Year,2019,false,,,,,,,,,,,,,8.64,,,,,,8.64,,,EN,2025-12-05T00:00:00.000Z
GHED_CHEGDP_SHA2011,Current health expenditure (CHE) as percentage of gross domestic product (GDP) (%),numeric,EMR,Eastern Mediterranean,Country,LBN,Lebanon,Year,2019,false,,,,,,,,,,,,,8.69,,,,,,8.69,,,EN,2025-12-05T00:00:00.000Z
GHED_CHEGDP_SHA2011,Current health expenditure (CHE) as percentage of gross domestic product (GDP) (%),numeric,AMR,Americas,Country,SLV,El Salvador,Year,2019,false,,,,,,,,,,,,,8.81,,,,,,8.81,,,EN,2025-12-05T00:00:00.000Z
GHED_CHEGDP_SHA2011,Current health expenditure (CHE) as percentage of gross domestic product (GDP) (%),numeric,AFR,Africa,Country,NAM,Namibia,Year,2019,false,,,,,,,,,,,,,8.86,,,,,,8.86,,,EN,2025-12-05T00:00:00.000Z
GHED_CHEGDP_SHA2011,Current health expenditure (CHE) as percentage of gross domestic product (GDP) (%),numeric,EUR,Europe,Country,MLT,Malta,Year,2019,false,,,,,,,,,,,,,8.89,,,,,,8.89,,,EN,2025-12-05T00:00:00.000Z
GHED_CHEGDP_SHA2011,Current health expenditure (CHE) as percentage of gross domestic product (GDP) (%),numeric,EUR,Europe,Country,BIH,Bosnia and Herzegovina,Year,2019,false,,,,,,,,,,,,,8.93,,,,,,8.93,,,EN,2025-12-05T00:00:00.000Z
GHED_CHEGDP_SHA2011,Current health expenditure (CHE) as percentage of gross domestic product (GDP) (%),numeric,AFR,Africa,Country,BDI,Burundi,Year,2019,false,,,,,,,,,,,,,9.06,,,,,,9.06,,,EN,2025-12-05T00:00:00.000Z
GHED_CHEGDP_SHA2011,Current health expenditure (CHE) as percentage of gross domestic product (GDP) (%),numeric,AFR,Africa,Country,SSD,South Sudan,Year,2019,false,,,,,,,,,,,,,9.07,,,,,,9.07,,,EN,2025-12-05T00:00:00.000Z
GHED_CHEGDP_SHA2011,Current health expenditure (CHE) as percentage of gross domestic product (GDP) (%),numeric,EMR,Eastern Mediterranean,Country,PSE,"occupied Palestinian territory, including east Jerusalem",Year,2019,false,,,,,,,,,,,,,9.19,,,,,,9.19,,,EN,2025-12-05T00:00:00.000Z
GHED_CHEGDP_SHA2011,Current health expenditure (CHE) as percentage of gross domestic product (GDP) (%),numeric,EUR,Europe,Country,FIN,Finland,Year,2019,false,,,,,,,,,,,,,9.22,,,,,,9.22,,,EN,2025-12-05T00:00:00.000Z
GHED_CHEGDP_SHA2011,Current health expenditure (CHE) as percentage of gross domestic product (GDP) (%),numeric,EUR,Europe,Country,ESP,Spain,Year,2019,false,,,,,,,,,,,,,9.22,,,,,,9.22,,,EN,2025-12-05T00:00:00.000Z
GHED_CHEGDP_SHA2011,Current health expenditure (CHE) as percentage of gross domestic product (GDP) (%),numeric,AMR,Americas,Country,URY,Uruguay,Year,2019,false,,,,,,,,,,,,,9.24,,,,,,9.24,,,EN,2025-12-05T00:00:00.000Z
GHED_CHEGDP_SHA2011,Current health expenditure (CHE) as percentage of gross domestic product (GDP) (%),numeric,AMR,Americas,Country,CHL,Chile,Year,2019,false,,,,,,,,,,,,,9.31,,,,,,9.31,,,EN,2025-12-05T00:00:00.000Z
GHED_CHEGDP_SHA2011,Current health expenditure (CHE) as percentage of gross domestic product (GDP) (%),numeric,EUR,Europe,Country,PRT,Portugal,Year,2019,false,,,,,,,,,,,,,9.51,,,,,,9.51,,,EN,2025-12-05T00:00:00.000Z
GHED_CHEGDP_SHA2011,Current health expenditure (CHE) as percentage of gross domestic product (GDP) (%),numeric,AMR,Americas,Country,BRA,Brazil,Year,2019,false,,,,,,,,,,,,,9.61,,,,,,9.61,,,EN,2025-12-05T00:00:00.000Z
GHED_CHEGDP_SHA2011,Current health expenditure (CHE) as percentage of gross domestic product (GDP) (%),numeric,EUR,Europe,Country,NLD,Netherlands (Kingdom of the),Year,2019,false,,,,,,,,,,,,,9.94,,,,,,9.94,,,EN,2025-12-05T00:00:00.000Z
GHED_CHEGDP_SHA2011,Current health expenditure (CHE) as percentage of gross domestic product (GDP) (%),numeric,EUR,Europe,Country,GBR,United Kingdom of Great Britain and Northern Ireland,Year,2019,false,,,,,,,,,,,,,9.98,,,,,,9.98,,,EN,2025-12-05T00:00:00.000Z
